"Priority","Capability to prove","Primary OSS service","Supporting services","Best proof workflow","Value unlocked"
"1","Governed, durable multi-step execution with human approval, restart recovery and signed output","Temporal","OPA, OpenBao, Marquez, Off Grid App Worker","FNOL claim → evidence → recommendation → claims-officer approval → signed disposition","Safely process thousands of cases with the same workforce"
"1.01","[app-worker:artifact-identity] Immutable worker artifact identity — Identify the exact app-worker source, runtime dependency, launch contract, and deployed artifact before assigning work.","Off Grid App Worker","OPA, OpenBao, Marquez, Off Grid App Worker","Verify App Worker “Immutable worker artifact identity” within: FNOL claim → evidence → recommendation → claims-officer approval → signed disposition","Safely process thousands of cases with the same workforce"
"1.02","[app-worker:failure-recovery] Failure and restart recovery — Retry transient step failures and survive worker loss without duplicating side effects or losing the operator-visible run.","Off Grid App Worker","OPA, OpenBao, Marquez, Off Grid App Worker","Verify App Worker “Failure and restart recovery” within: FNOL claim → evidence → recommendation → claims-officer approval → signed disposition","Safely process thousands of cases with the same workforce"
"1.03","[app-worker:governed-step-execution] Governed step execution — Execute app steps with tenant, actor, pipeline, policy, guardrail, routing, and provenance context intact.","Off Grid App Worker","OPA, OpenBao, Marquez, Off Grid App Worker","Verify App Worker “Governed step execution” within: FNOL claim → evidence → recommendation → claims-officer approval → signed disposition","Safely process thousands of cases with the same workforce"
"1.04","[app-worker:human-pause-resume] Durable human pause and resume — Pause a multi-step app at an authority gate, preserve history, and resume or reject it through an audited decision.","Off Grid App Worker","OPA, OpenBao, Marquez, Off Grid App Worker","Verify App Worker “Durable human pause and resume” within: FNOL claim → evidence → recommendation → claims-officer approval → signed disposition","Safely process thousands of cases with the same workforce"
"1.05","[app-worker:output-persistence] Output and run-state persistence — Persist step state, final output, report artifacts, and provenance so an operator can inspect and act on the result later.","Off Grid App Worker","OPA, OpenBao, Marquez, Off Grid App Worker","Verify App Worker “Output and run-state persistence” within: FNOL claim → evidence → recommendation → claims-officer approval → signed disposition","Safely process thousands of cases with the same workforce"
"1.06","[app-worker:task-queue-readiness] Task queue and poller readiness — Confirm a compatible app worker is polling offgrid-apps before durable work is accepted.","Off Grid App Worker","OPA, OpenBao, Marquez, Off Grid App Worker","Verify App Worker “Task queue and poller readiness” within: FNOL claim → evidence → recommendation → claims-officer approval → signed disposition","Safely process thousands of cases with the same workforce"
"1.07","[marquez:openlineage-events] OpenLineage event ingestion — Accept job, run, dataset, and facet events through the OpenLineage API.","Marquez","OPA, OpenBao, Marquez, Off Grid App Worker","Verify Marquez “OpenLineage event ingestion” within: FNOL claim → evidence → recommendation → claims-officer approval → signed disposition","Safely process thousands of cases with the same workforce"
"1.08","[marquez:run-history-facets] Run history and facets — Inspect run state, timing, schema, ownership, and custom facets.","Marquez","OPA, OpenBao, Marquez, Off Grid App Worker","Verify Marquez “Run history and facets” within: FNOL claim → evidence → recommendation → claims-officer approval → signed disposition","Safely process thousands of cases with the same workforce"
"1.09","[opa:policy-decisions] Governed policy decisions — Evaluate tenant-scoped allow/deny decisions and preserve explainable evidence.","Policy Engine","OPA, OpenBao, Marquez, Off Grid App Worker","Verify Policy Engine “Governed policy decisions” within: FNOL claim → evidence → recommendation → claims-officer approval → signed disposition","Safely process thousands of cases with the same workforce"
"1.10","[temporal:durable-dispatch] Durable app, agent, and chat dispatch — Submit governed work to durable task queues and preserve run history.","Durable Workflows","OPA, OpenBao, Marquez, Off Grid App Worker","Verify Durable Workflows “Durable app, agent, and chat dispatch” within: FNOL claim → evidence → recommendation → claims-officer approval → signed disposition","Safely process thousands of cases with the same workforce"
"1.11","[temporal:run-actions] Run cancellation, retry, and replay — Intervene in a failed or long-running workflow without losing audit history.","Durable Workflows","OPA, OpenBao, Marquez, Off Grid App Worker","Verify Durable Workflows “Run cancellation, retry, and replay” within: FNOL claim → evidence → recommendation → claims-officer approval → signed disposition","Safely process thousands of cases with the same workforce"
"1.12","[temporal:worker-readiness] Worker and task-queue readiness — Know whether app, agent, and chat queues have compatible pollers before accepting work.","Durable Workflows","OPA, OpenBao, Marquez, Off Grid App Worker","Verify Durable Workflows “Worker and task-queue readiness” within: FNOL claim → evidence → recommendation → claims-officer approval → signed disposition","Safely process thousands of cases with the same workforce"
"2","Grounded reasoning across existing enterprise data, with citations and policy-constrained recommendations","Qdrant","LiteLLM, Presidio, LLM Guard","CRM + Core Banking + product rules → compliant cross-sell recommendation","Direct top-line growth without hallucinated or non-compliant recommendations"
"2.01","[enterprise-source-corebank:sql-read] Governed SQL reads — Count and read approved Core Banking tables through a bound connector.","Existing Core Banking system","LiteLLM, Presidio, LLM Guard","Verify Core Banking “Governed SQL reads” within: CRM + Core Banking + product rules → compliant cross-sell recommendation","Direct top-line growth without hallucinated or non-compliant recommendations"
"2.02","[enterprise-source-crm:rest-read] Governed REST reads — Read approved account, opportunity, and contact resources.","Existing CRM","LiteLLM, Presidio, LLM Guard","Verify CRM “Governed REST reads” within: CRM + Core Banking + product rules → compliant cross-sell recommendation","Direct top-line growth without hallucinated or non-compliant recommendations"
"2.03","[enterprise-source-policyadmin:sql-read] Governed SQL reads — Count and read approved policy-administration tables through a bound connector.","Existing Policy Administration system","LiteLLM, Presidio, LLM Guard","Verify Policy Administration “Governed SQL reads” within: CRM + Core Banking + product rules → compliant cross-sell recommendation","Direct top-line growth without hallucinated or non-compliant recommendations"
"2.04","[gateway:request-governance] Request policy and guardrail spine — Apply tenancy, policy, guardrails, routing, and audit to inference requests.","Off Grid AI Gateway","LiteLLM, Presidio, LLM Guard","Verify AI Gateway “Request policy and guardrail spine” within: CRM + Core Banking + product rules → compliant cross-sell recommendation","Direct top-line growth without hallucinated or non-compliant recommendations"
"2.05","[lancedb:tables-schema] Table and schema lifecycle — Create vector tables, inspect schema, and delete local indexes.","LanceDB","LiteLLM, Presidio, LLM Guard","Verify LanceDB “Table and schema lifecycle” within: CRM + Core Banking + product rules → compliant cross-sell recommendation","Direct top-line growth without hallucinated or non-compliant recommendations"
"2.06","[lancedb:vector-search] Vector search and metadata filters — Insert embedded chunks and retrieve nearest records with metadata constraints.","LanceDB","LiteLLM, Presidio, LLM Guard","Verify LanceDB “Vector search and metadata filters” within: CRM + Core Banking + product rules → compliant cross-sell recommendation","Direct top-line growth without hallucinated or non-compliant recommendations"
"2.07","[litellm:proxy-guardrails] Proxy guardrails and policy hooks — Run supported guardrails in the proxy before or after model calls.","LiteLLM","LiteLLM, Presidio, LLM Guard","Verify LiteLLM “Proxy guardrails and policy hooks” within: CRM + Core Banking + product rules → compliant cross-sell recommendation","Direct top-line growth without hallucinated or non-compliant recommendations"
"2.08","[llm-guard:api-auth-rate-limits] Authenticated and bounded scan API — Protect scan endpoints with bearer/basic authentication and configurable request limits.","Content guardrails","LiteLLM, Presidio, LLM Guard","Verify Content guardrails “Authenticated and bounded scan API” within: CRM + Core Banking + product rules → compliant cross-sell recommendation","Direct top-line growth without hallucinated or non-compliant recommendations"
"2.09","[llm-guard:output-safety-quality] Output safety and quality scanning — Evaluate and sanitize model output for bias, sensitive content, relevance, factual consistency, refusal, malicious URLs, language, format, and toxicity.","Content guardrails","LiteLLM, Presidio, LLM Guard","Verify Content guardrails “Output safety and quality scanning” within: CRM + Core Banking + product rules → compliant cross-sell recommendation","Direct top-line growth without hallucinated or non-compliant recommendations"
"2.10","[llm-guard:prompt-sanitization] Prompt sanitization and sensitive-data protection — Detect and redact PII, secrets, credentials, and configured text patterns before a model sees them.","Content guardrails","LiteLLM, Presidio, LLM Guard","Verify Content guardrails “Prompt sanitization and sensitive-data protection” within: CRM + Core Banking + product rules → compliant cross-sell recommendation","Direct top-line growth without hallucinated or non-compliant recommendations"
"2.11","[llm-guard:prompt-threat-scanning] Prompt threat and content classification — Detect injection, toxicity, gibberish, language, banned content, code, and request-size risks.","Content guardrails","LiteLLM, Presidio, LLM Guard","Verify Content guardrails “Prompt threat and content classification” within: CRM + Core Banking + product rules → compliant cross-sell recommendation","Direct top-line growth without hallucinated or non-compliant recommendations"
"2.12","[llm-guard:scanner-policy-lifecycle] Scanner configuration and lifecycle — Select scanners, tune thresholds and parameters, suppress scanners per request, and roll out policy safely.","Content guardrails","LiteLLM, Presidio, LLM Guard","Verify Content guardrails “Scanner configuration and lifecycle” within: CRM + Core Banking + product rules → compliant cross-sell recommendation","Direct top-line growth without hallucinated or non-compliant recommendations"
"2.13","[postgres:extensions-vector] Extensions and vector SQL — Install and operate approved PostgreSQL extensions such as pgvector.","PostgreSQL","LiteLLM, Presidio, LLM Guard","Verify PostgreSQL “Extensions and vector SQL” within: CRM + Core Banking + product rules → compliant cross-sell recommendation","Direct top-line growth without hallucinated or non-compliant recommendations"
"2.14","[presidio:advanced-anonymizers] Mask, hash, encrypt, redact, and custom operators — Apply an anonymizer operator per entity instead of fixed replacement markers.","Presidio","LiteLLM, Presidio, LLM Guard","Verify Presidio “Mask, hash, encrypt, redact, and custom operators” within: CRM + Core Banking + product rules → compliant cross-sell recommendation","Direct top-line growth without hallucinated or non-compliant recommendations"
"2.15","[presidio:confidence-thresholds] Global and per-entity thresholds — Set an org floor and stricter or looser thresholds by entity type.","Presidio","LiteLLM, Presidio, LLM Guard","Verify Presidio “Global and per-entity thresholds” within: CRM + Core Banking + product rules → compliant cross-sell recommendation","Direct top-line growth without hallucinated or non-compliant recommendations"
"2.16","[presidio:deny-lists] Custom deny lists — Flag fixed org-specific terms as a named PII entity.","Presidio","LiteLLM, Presidio, LLM Guard","Verify Presidio “Custom deny lists” within: CRM + Core Banking + product rules → compliant cross-sell recommendation","Direct top-line growth without hallucinated or non-compliant recommendations"
"2.17","[presidio:languages] Language selection and multilingual analysis — Choose a supported language and recognizer set for each analysis request.","Presidio","LiteLLM, Presidio, LLM Guard","Verify Presidio “Language selection and multilingual analysis” within: CRM + Core Banking + product rules → compliant cross-sell recommendation","Direct top-line growth without hallucinated or non-compliant recommendations"
"2.18","[presidio:pattern-recognizers] Custom pattern recognizers — Create org-scoped regex and context recognizers and send them per analyze request.","Presidio","LiteLLM, Presidio, LLM Guard","Verify Presidio “Custom pattern recognizers” within: CRM + Core Banking + product rules → compliant cross-sell recommendation","Direct top-line growth without hallucinated or non-compliant recommendations"
"2.19","[presidio:replace-anonymization] Replacement anonymization — Send analyzed spans to the anonymizer and replace values with entity markers.","Presidio","LiteLLM, Presidio, LLM Guard","Verify Presidio “Replacement anonymization” within: CRM + Core Banking + product rules → compliant cross-sell recommendation","Direct top-line growth without hallucinated or non-compliant recommendations"
"2.20","[presidio:text-analysis] Text entity analysis — Detect built-in PII entities and return typed spans with confidence scores.","Presidio","LiteLLM, Presidio, LLM Guard","Verify Presidio “Text entity analysis” within: CRM + Core Banking + product rules → compliant cross-sell recommendation","Direct top-line growth without hallucinated or non-compliant recommendations"
"2.21","[qdrant:collections] Collection lifecycle — Create, inspect, configure, and delete vector collections.","Qdrant","LiteLLM, Presidio, LLM Guard","Verify Qdrant “Collection lifecycle” within: CRM + Core Banking + product rules → compliant cross-sell recommendation","Direct top-line growth without hallucinated or non-compliant recommendations"
"2.22","[qdrant:payload-filtering] Payload schema and filtering — Filter retrieval by tenant, source, and metadata and manage payload indexes.","Qdrant","LiteLLM, Presidio, LLM Guard","Verify Qdrant “Payload schema and filtering” within: CRM + Core Banking + product rules → compliant cross-sell recommendation","Direct top-line growth without hallucinated or non-compliant recommendations"
"2.23","[qdrant:points-search] Point upsert and similarity search — Write embedded records and retrieve nearest matches with payloads.","Qdrant","LiteLLM, Presidio, LLM Guard","Verify Qdrant “Point upsert and similarity search” within: CRM + Core Banking + product rules → compliant cross-sell recommendation","Direct top-line growth without hallucinated or non-compliant recommendations"
"3","Governed action/write-back into existing systems—not merely advice","Off Grid connector/action runtime; Kestra for broader orchestration","Temporal, OPA, enterprise APIs","Delinquency recommendation → approval → CRM task/write-back → outcome tracking","Converts AI into completed work; improves cure rate and collector capacity"
"3.01","[enterprise-source-crm:write-sync-webhooks] Writes, pagination, sync, and webhooks — Create/update records, traverse pagination, perform incremental sync, and receive changes.","Existing CRM","Temporal, OPA, enterprise APIs","Verify CRM “Writes, pagination, sync, and webhooks” within: Delinquency recommendation → approval → CRM task/write-back → outcome tracking","Converts AI into completed work; improves cure rate and collector capacity"
"3.02","[kestra:executions] Execution run, retry, resume, and cancel — Trigger flows and operate execution state with logs and outputs.","Kestra","Temporal, OPA, enterprise APIs","Verify Kestra “Execution run, retry, resume, and cancel” within: Delinquency recommendation → approval → CRM task/write-back → outcome tracking","Converts AI into completed work; improves cure rate and collector capacity"
"3.03","[kestra:flows] Flow CRUD and versioning — Create, inspect, update, version, and delete declarative workflows.","Kestra","Temporal, OPA, enterprise APIs","Verify Kestra “Flow CRUD and versioning” within: Delinquency recommendation → approval → CRM task/write-back → outcome tracking","Converts AI into completed work; improves cure rate and collector capacity"
"3.04","[kestra:namespaces-secrets-plugins] Namespaces, secrets, plugins, and worker operations — Govern namespaces, variables, secrets, plugin catalogs, workers, and queues.","Kestra","Temporal, OPA, enterprise APIs","Verify Kestra “Namespaces, secrets, plugins, and worker operations” within: Delinquency recommendation → approval → CRM task/write-back → outcome tracking","Converts AI into completed work; improves cure rate and collector capacity"
"4","Real-time event-to-decision-to-action processing","Redpanda","Schema Registry, Temporal, Kestra","Delinquency/claim event → prioritization → governed action within seconds","Intervene before delinquency rolls forward; detect claim/fraud risk immediately"
"4.01","[enterprise-source-kafka:offsets-security] Offsets, ACLs, and source operations — Manage durable offsets, lag, principals, ACLs, and quotas for ingestion.","Existing Kafka-compatible event source","Schema Registry, Temporal, Kestra","Verify Kafka-compatible Events “Offsets, ACLs, and source operations” within: Delinquency/claim event → prioritization → governed action within seconds","Intervene before delinquency rolls forward; detect claim/fraud risk immediately"
"4.02","[enterprise-source-kafka:schemas-topics] Topic and schema discovery — Discover topics, partitions, schemas, and compatibility policy for source onboarding.","Existing Kafka-compatible event source","Schema Registry, Temporal, Kestra","Verify Kafka-compatible Events “Topic and schema discovery” within: Delinquency/claim event → prioritization → governed action within seconds","Intervene before delinquency rolls forward; detect claim/fraud risk immediately"
"4.03","[enterprise-source-kafka:source-produce-consume] Source event produce and consume — Publish and consume banking, claim, and CRM source events.","Existing Kafka-compatible event source","Schema Registry, Temporal, Kestra","Verify Kafka-compatible Events “Source event produce and consume” within: Delinquency/claim event → prioritization → governed action within seconds","Intervene before delinquency rolls forward; detect claim/fraud risk immediately"
"4.04","[kestra:triggers-schedules] Schedules, webhooks, and event triggers — Run flows on time, API, and event triggers.","Kestra","Schema Registry, Temporal, Kestra","Verify Kestra “Schedules, webhooks, and event triggers” within: Delinquency/claim event → prioritization → governed action within seconds","Intervene before delinquency rolls forward; detect claim/fraud risk immediately"
"4.05","[streaming:advanced-cluster-ops] Partition movement, maintenance, and tiered storage — Operate rebalancing, reassignment, maintenance mode, and remote storage.","Redpanda","Schema Registry, Temporal, Kestra","Verify Redpanda “Partition movement, maintenance, and tiered storage” within: Delinquency/claim event → prioritization → governed action within seconds","Intervene before delinquency rolls forward; detect claim/fraud risk immediately"
"4.06","[streaming:bfsi-stream-proof] Lender and insurance stream proof — Register a JSON contract, publish and consume a correlated event, and report partition/offset evidence.","Redpanda","Schema Registry, Temporal, Kestra","Verify Redpanda “Lender and insurance stream proof” within: Delinquency/claim event → prioritization → governed action within seconds","Intervene before delinquency rolls forward; detect claim/fraud risk immediately"
"4.07","[streaming:cluster-health] Cluster and broker health — Inspect cluster health, broker membership, and boundary reachability.","Redpanda","Schema Registry, Temporal, Kestra","Verify Redpanda “Cluster and broker health” within: Delinquency/claim event → prioritization → governed action within seconds","Intervene before delinquency rolls forward; detect claim/fraud risk immediately"
"4.08","[streaming:consume-records] Consume correlated JSON records — Poll a bounded temporary consumer for a correlation-specific event.","Redpanda","Schema Registry, Temporal, Kestra","Verify Redpanda “Consume correlated JSON records” within: Delinquency/claim event → prioritization → governed action within seconds","Intervene before delinquency rolls forward; detect claim/fraud risk immediately"
"4.09","[streaming:consumer-groups-offsets] Consumer groups and offsets — Inspect lag, reset offsets, and manage durable groups.","Redpanda","Schema Registry, Temporal, Kestra","Verify Redpanda “Consumer groups and offsets” within: Delinquency/claim event → prioritization → governed action within seconds","Intervene before delinquency rolls forward; detect claim/fraud risk immediately"
"4.10","[streaming:produce-records] Produce JSON records — Publish keyed or unkeyed JSON through the native Kafka protocol.","Redpanda","Schema Registry, Temporal, Kestra","Verify Redpanda “Produce JSON records” within: Delinquency/claim event → prioritization → governed action within seconds","Intervene before delinquency rolls forward; detect claim/fraud risk immediately"
"4.11","[streaming:schema-registry] Schema Registry lifecycle — List subjects, register AVRO, JSON, or Protobuf versions, and delete subjects or versions.","Redpanda","Schema Registry, Temporal, Kestra","Verify Redpanda “Schema Registry lifecycle” within: Delinquency/claim event → prioritization → governed action within seconds","Intervene before delinquency rolls forward; detect claim/fraud risk immediately"
"4.12","[streaming:security-quotas] ACLs, users, and quotas — Manage principals, topic ACLs, and client quotas.","Redpanda","Schema Registry, Temporal, Kestra","Verify Redpanda “ACLs, users, and quotas” within: Delinquency/claim event → prioritization → governed action within seconds","Intervene before delinquency rolls forward; detect claim/fraud risk immediately"
"4.13","[streaming:topic-inventory] Topic and partition inventory — List topics with partition, leader, and replica placement.","Redpanda","Schema Registry, Temporal, Kestra","Verify Redpanda “Topic and partition inventory” within: Delinquency/claim event → prioritization → governed action within seconds","Intervene before delinquency rolls forward; detect claim/fraud risk immediately"
"4.14","[streaming:topic-lifecycle] Topic create, configure, and delete — Create topics, increase partitions, change retention, and delete with exact-name confirmation.","Redpanda","Schema Registry, Temporal, Kestra","Verify Redpanda “Topic create, configure, and delete” within: Delinquency/claim event → prioritization → governed action within seconds","Intervene before delinquency rolls forward; detect claim/fraud risk immediately"
"5","Continuous AI QA and production release gating","Ragas + Evidently","Langfuse, Great Expectations, OpenTelemetry","Golden cases → faithfulness/relevance → drift/performance checks → block or approve release","Makes enterprise AI reliable, measurable and governable over time"
"5.01","[data-quality:actions-alerting] Checkpoint actions and alerting — Trigger notifications, persisted results, and downstream actions after validation.","Data Quality","Langfuse, Great Expectations, OpenTelemetry","Verify Data Quality “Checkpoint actions and alerting” within: Golden cases → faithfulness/relevance → drift/performance checks → block or approve release","Makes enterprise AI reliable, measurable and governable over time"
"5.02","[data-quality:checkpoint-rules] Dataset checkpoint rules — Evaluate column existence, nullability, uniqueness, allowed sets, and numeric ranges.","Data Quality","Langfuse, Great Expectations, OpenTelemetry","Verify Data Quality “Dataset checkpoint rules” within: Golden cases → faithfulness/relevance → drift/performance checks → block or approve release","Makes enterprise AI reliable, measurable and governable over time"
"5.03","[data-quality:datasources-profiling] Data sources, profiling, and validation history — Connect data assets, profile columns, and compare validation results over time.","Data Quality","Langfuse, Great Expectations, OpenTelemetry","Verify Data Quality “Data sources, profiling, and validation history” within: Golden cases → faithfulness/relevance → drift/performance checks → block or approve release","Makes enterprise AI reliable, measurable and governable over time"
"5.04","[data-quality:suite-persistence] Expectation suite lifecycle — Create, version, edit, and delete named expectation suites in a persistent store.","Data Quality","Langfuse, Great Expectations, OpenTelemetry","Verify Data Quality “Expectation suite lifecycle” within: Golden cases → faithfulness/relevance → drift/performance checks → block or approve release","Makes enterprise AI reliable, measurable and governable over time"
"5.05","[evidently:column-overrides] Per-column method overrides — Choose per-column tests and tune the dataset drift-share threshold.","Evidently","Langfuse, Great Expectations, OpenTelemetry","Verify Evidently “Per-column method overrides” within: Golden cases → faithfulness/relevance → drift/performance checks → block or approve release","Makes enterprise AI reliable, measurable and governable over time"
"5.06","[evidently:data-quality] Data quality preset — Check missing, duplicated, constant, and out-of-range behavior.","Evidently","Langfuse, Great Expectations, OpenTelemetry","Verify Evidently “Data quality preset” within: Golden cases → faithfulness/relevance → drift/performance checks → block or approve release","Makes enterprise AI reliable, measurable and governable over time"
"5.07","[evidently:data-summary] Data summary preset — Compare descriptive statistics, missing values, and column shape.","Evidently","Langfuse, Great Expectations, OpenTelemetry","Verify Evidently “Data summary preset” within: Golden cases → faithfulness/relevance → drift/performance checks → block or approve release","Makes enterprise AI reliable, measurable and governable over time"
"5.08","[evidently:dataset-drift] Dataset drift preset — Compare baseline and current score windows and return drift share.","Evidently","Langfuse, Great Expectations, OpenTelemetry","Verify Evidently “Dataset drift preset” within: Golden cases → faithfulness/relevance → drift/performance checks → block or approve release","Makes enterprise AI reliable, measurable and governable over time"
"5.09","[evidently:projects-history-monitoring] Projects, report history, and monitoring — Persist reports, compare runs, and operate monitoring projects.","Evidently","Langfuse, Great Expectations, OpenTelemetry","Verify Evidently “Projects, report history, and monitoring” within: Golden cases → faithfulness/relevance → drift/performance checks → block or approve release","Makes enterprise AI reliable, measurable and governable over time"
"5.10","[evidently:psi-method] PSI method selection — Run Population Stability Index as the selected drift test.","Evidently","Langfuse, Great Expectations, OpenTelemetry","Verify Evidently “PSI method selection” within: Golden cases → faithfulness/relevance → drift/performance checks → block or approve release","Makes enterprise AI reliable, measurable and governable over time"
"5.11","[evidently:stat-tests] Statistical test selection — Select KS, Wasserstein, KL, Jensen-Shannon, chi-square, Z, TVD, or Cramer-style tests.","Evidently","Langfuse, Great Expectations, OpenTelemetry","Verify Evidently “Statistical test selection” within: Golden cases → faithfulness/relevance → drift/performance checks → block or approve release","Makes enterprise AI reliable, measurable and governable over time"
"5.12","[langfuse:projects-api-keys-retention] Projects, API keys, and retention — Manage projects, credentials, membership, and retention settings.","Langfuse","Langfuse, Great Expectations, OpenTelemetry","Verify Langfuse “Projects, API keys, and retention” within: Golden cases → faithfulness/relevance → drift/performance checks → block or approve release","Makes enterprise AI reliable, measurable and governable over time"
"5.13","[langfuse:prompts-datasets] Prompt and dataset lifecycle — Version prompts, manage labels, create datasets, and run dataset experiments.","Langfuse","Langfuse, Great Expectations, OpenTelemetry","Verify Langfuse “Prompt and dataset lifecycle” within: Golden cases → faithfulness/relevance → drift/performance checks → block or approve release","Makes enterprise AI reliable, measurable and governable over time"
"5.14","[langfuse:scores-evaluations] Scores and evaluation annotations — Attach numeric, categorical, or boolean evaluation scores to traces and observations.","Langfuse","Langfuse, Great Expectations, OpenTelemetry","Verify Langfuse “Scores and evaluation annotations” within: Golden cases → faithfulness/relevance → drift/performance checks → block or approve release","Makes enterprise AI reliable, measurable and governable over time"
"5.15","[langfuse:traces-observations] Traces, observations, and generations — Capture LLM spans, tokens, latency, models, inputs, outputs, and metadata.","Langfuse","Langfuse, Great Expectations, OpenTelemetry","Verify Langfuse “Traces, observations, and generations” within: Golden cases → faithfulness/relevance → drift/performance checks → block or approve release","Makes enterprise AI reliable, measurable and governable over time"
"5.16","[ragas:answer-relevancy] Answer relevancy — Score whether an answer addresses the question.","Ragas","Langfuse, Great Expectations, OpenTelemetry","Verify Ragas “Answer relevancy” within: Golden cases → faithfulness/relevance → drift/performance checks → block or approve release","Makes enterprise AI reliable, measurable and governable over time"
"5.17","[ragas:context-precision-recall] Context precision and recall — Measure retrieval relevance and coverage against ground truth.","Ragas","Langfuse, Great Expectations, OpenTelemetry","Verify Ragas “Context precision and recall” within: Golden cases → faithfulness/relevance → drift/performance checks → block or approve release","Makes enterprise AI reliable, measurable and governable over time"
"5.18","[ragas:datasets-experiments] Datasets, experiments, and result history — Version evaluation datasets, compare runs, and inspect per-sample scores over time.","Ragas","Langfuse, Great Expectations, OpenTelemetry","Verify Ragas “Datasets, experiments, and result history” within: Golden cases → faithfulness/relevance → drift/performance checks → block or approve release","Makes enterprise AI reliable, measurable and governable over time"
"5.19","[ragas:entity-recall] Context entity recall — Compare entities in retrieved context with the ground-truth answer.","Ragas","Langfuse, Great Expectations, OpenTelemetry","Verify Ragas “Context entity recall” within: Golden cases → faithfulness/relevance → drift/performance checks → block or approve release","Makes enterprise AI reliable, measurable and governable over time"
"5.20","[ragas:faithfulness] Faithfulness — Judge whether the answer is supported by retrieved context.","Ragas","Langfuse, Great Expectations, OpenTelemetry","Verify Ragas “Faithfulness” within: Golden cases → faithfulness/relevance → drift/performance checks → block or approve release","Makes enterprise AI reliable, measurable and governable over time"
"6","Governed enterprise data ingestion, storage, transformation and lifecycle","Airbyte + ClickHouse","PostgreSQL, SeaweedFS, LanceDB, Marquez, enterprise source adapters","Existing source → governed discovery → incremental replication → validated analytical model → lineage","Uses existing enterprise data without rip-and-replace or fragile manual pipelines"
"6.01","[airbyte:connections-catalog] Connections and schema catalog — Discover streams, select fields and sync modes, and manage connection configuration.","Airbyte","PostgreSQL, SeaweedFS, LanceDB, Marquez, enterprise source adapters","Verify Airbyte “Connections and schema catalog” within: Existing source → governed discovery → incremental replication → validated analytical model → lineage","Uses existing enterprise data without rip-and-replace or fragile manual pipelines"
"6.02","[airbyte:schedules-transformations] Scheduling, CDC, and transformations — Configure periodic or continuous sync, incremental state, CDC, and normalization.","Airbyte","PostgreSQL, SeaweedFS, LanceDB, Marquez, enterprise source adapters","Verify Airbyte “Scheduling, CDC, and transformations” within: Existing source → governed discovery → incremental replication → validated analytical model → lineage","Uses existing enterprise data without rip-and-replace or fragile manual pipelines"
"6.03","[airbyte:sources-destinations] Source and destination lifecycle — Create, inspect, update, test, and delete connector endpoints.","Airbyte","PostgreSQL, SeaweedFS, LanceDB, Marquez, enterprise source adapters","Verify Airbyte “Source and destination lifecycle” within: Existing source → governed discovery → incremental replication → validated analytical model → lineage","Uses existing enterprise data without rip-and-replace or fragile manual pipelines"
"6.04","[airbyte:sync-jobs] Run, monitor, cancel, and retry sync jobs — Trigger replication and inspect job state, attempts, logs, and row counts.","Airbyte","PostgreSQL, SeaweedFS, LanceDB, Marquez, enterprise source adapters","Verify Airbyte “Run, monitor, cancel, and retry sync jobs” within: Existing source → governed discovery → incremental replication → validated analytical model → lineage","Uses existing enterprise data without rip-and-replace or fragile manual pipelines"
"6.05","[enterprise-source-corebank:connector-lifecycle] Connector and credential lifecycle — Create, inspect, update, test, rotate credentials, and delete the source binding.","Existing Core Banking system","PostgreSQL, SeaweedFS, LanceDB, Marquez, enterprise source adapters","Verify Core Banking “Connector and credential lifecycle” within: Existing source → governed discovery → incremental replication → validated analytical model → lineage","Uses existing enterprise data without rip-and-replace or fragile manual pipelines"
"6.06","[enterprise-source-corebank:schema-cdc-admin] Schema discovery, CDC, and database administration — Discover schemas, stream changes, and operate roles, backups, and maintenance.","Existing Core Banking system","PostgreSQL, SeaweedFS, LanceDB, Marquez, enterprise source adapters","Verify Core Banking “Schema discovery, CDC, and database administration” within: Existing source → governed discovery → incremental replication → validated analytical model → lineage","Uses existing enterprise data without rip-and-replace or fragile manual pipelines"
"6.07","[enterprise-source-crm:connector-lifecycle] Connector and credential lifecycle — Create, inspect, update, test, rotate credentials, and delete the CRM binding.","Existing CRM","PostgreSQL, SeaweedFS, LanceDB, Marquez, enterprise source adapters","Verify CRM “Connector and credential lifecycle” within: Existing source → governed discovery → incremental replication → validated analytical model → lineage","Uses existing enterprise data without rip-and-replace or fragile manual pipelines"
"6.08","[enterprise-source-erp:connector-lifecycle] Connector and credential lifecycle — Create, inspect, update, test, rotate credentials, and delete the ERP binding.","Existing Finance ERP","PostgreSQL, SeaweedFS, LanceDB, Marquez, enterprise source adapters","Verify Finance ERP “Connector and credential lifecycle” within: Existing source → governed discovery → incremental replication → validated analytical model → lineage","Uses existing enterprise data without rip-and-replace or fragile manual pipelines"
"6.09","[enterprise-source-erp:schema-cdc-admin] Schema discovery, CDC, and database administration — Discover schemas, capture changes, and operate logins, backups, and maintenance.","Existing Finance ERP","PostgreSQL, SeaweedFS, LanceDB, Marquez, enterprise source adapters","Verify Finance ERP “Schema discovery, CDC, and database administration” within: Existing source → governed discovery → incremental replication → validated analytical model → lineage","Uses existing enterprise data without rip-and-replace or fragile manual pipelines"
"6.10","[enterprise-source-erp:sql-read] Governed SQL reads — Count and read approved general-ledger and invoice tables.","Existing Finance ERP","PostgreSQL, SeaweedFS, LanceDB, Marquez, enterprise source adapters","Verify Finance ERP “Governed SQL reads” within: Existing source → governed discovery → incremental replication → validated analytical model → lineage","Uses existing enterprise data without rip-and-replace or fragile manual pipelines"
"6.11","[enterprise-source-minio:bucket-discovery] Bucket and object discovery — Discover buckets, prefixes, object metadata, and formats for onboarding.","Existing S3-compatible data lake","PostgreSQL, SeaweedFS, LanceDB, Marquez, enterprise source adapters","Verify S3-compatible Data Lake “Bucket and object discovery” within: Existing source → governed discovery → incremental replication → validated analytical model → lineage","Uses existing enterprise data without rip-and-replace or fragile manual pipelines"
"6.12","[enterprise-source-minio:object-read-write] Governed object read and write — List, read, write, and delete approved lake objects through a source binding.","Existing S3-compatible data lake","PostgreSQL, SeaweedFS, LanceDB, Marquez, enterprise source adapters","Verify S3-compatible Data Lake “Governed object read and write” within: Existing source → governed discovery → incremental replication → validated analytical model → lineage","Uses existing enterprise data without rip-and-replace or fragile manual pipelines"
"6.13","[enterprise-source-policyadmin:connector-lifecycle] Connector and credential lifecycle — Create, inspect, update, test, rotate credentials, and delete the binding.","Existing Policy Administration system","PostgreSQL, SeaweedFS, LanceDB, Marquez, enterprise source adapters","Verify Policy Administration “Connector and credential lifecycle” within: Existing source → governed discovery → incremental replication → validated analytical model → lineage","Uses existing enterprise data without rip-and-replace or fragile manual pipelines"
"6.14","[enterprise-source-policyadmin:schema-cdc-admin] Schema discovery, CDC, and database administration — Discover schemas, replicate changes, and operate users, backups, and maintenance.","Existing Policy Administration system","PostgreSQL, SeaweedFS, LanceDB, Marquez, enterprise source adapters","Verify Policy Administration “Schema discovery, CDC, and database administration” within: Existing source → governed discovery → incremental replication → validated analytical model → lineage","Uses existing enterprise data without rip-and-replace or fragile manual pipelines"
"6.15","[lancedb:record-maintenance] Record update and deletion — Inspect, update, and remove indexed records by source or identifier.","LanceDB","PostgreSQL, SeaweedFS, LanceDB, Marquez, enterprise source adapters","Verify LanceDB “Record update and deletion” within: Existing source → governed discovery → incremental replication → validated analytical model → lineage","Uses existing enterprise data without rip-and-replace or fragile manual pipelines"
"6.16","[postgres:relational-store] Transactional relational store — Persist console configuration and operational records with transactional SQL.","PostgreSQL","PostgreSQL, SeaweedFS, LanceDB, Marquez, enterprise source adapters","Verify PostgreSQL “Transactional relational store” within: Existing source → governed discovery → incremental replication → validated analytical model → lineage","Uses existing enterprise data without rip-and-replace or fragile manual pipelines"
"6.17","[seaweedfs:object-read-write] S3 object read and write — Store, retrieve, list, and delete documents, media, and artifacts.","SeaweedFS","PostgreSQL, SeaweedFS, LanceDB, Marquez, enterprise source adapters","Verify SeaweedFS “S3 object read and write” within: Existing source → governed discovery → incremental replication → validated analytical model → lineage","Uses existing enterprise data without rip-and-replace or fragile manual pipelines"
"6.18","[warehouse:ingest-sync] Batch and ELT ingestion — Land replicated source records and inspect loaded tables and counts.","ClickHouse Warehouse","PostgreSQL, SeaweedFS, LanceDB, Marquez, enterprise source adapters","Verify ClickHouse Warehouse “Batch and ELT ingestion” within: Existing source → governed discovery → incremental replication → validated analytical model → lineage","Uses existing enterprise data without rip-and-replace or fragile manual pipelines"
"6.19","[warehouse:schema-models] Tables, views, and analytical models — Create and maintain schemas, views, materialized views, and transformations.","ClickHouse Warehouse","PostgreSQL, SeaweedFS, LanceDB, Marquez, enterprise source adapters","Verify ClickHouse Warehouse “Tables, views, and analytical models” within: Existing source → governed discovery → incremental replication → validated analytical model → lineage","Uses existing enterprise data without rip-and-replace or fragile manual pipelines"
"6.20","[warehouse:sql-query] SQL query and exploration — Run bounded analytical SQL and inspect results and schema.","ClickHouse Warehouse","PostgreSQL, SeaweedFS, LanceDB, Marquez, enterprise source adapters","Verify ClickHouse Warehouse “SQL query and exploration” within: Existing source → governed discovery → incremental replication → validated analytical model → lineage","Uses existing enterprise data without rip-and-replace or fragile manual pipelines"
"7","Enterprise identity, secrets, policy and perimeter enforcement","Keycloak + OpenBao + OPA","Network Gateway, Presidio, LLM Guard, Off Grid Console","Enterprise identity → least-privilege access → secret lease → policy decision → audited request","Makes AI secure, compliant, governable and auditable by default"
"7.01","[console:authenticated-control-plane] Authenticated tenant control plane — Open the governed management Console with tenant-scoped data and actions.","Off Grid Console","Network Gateway, Presidio, LLM Guard, Off Grid Console","Verify Console “Authenticated tenant control plane” within: Enterprise identity → least-privilege access → secret lease → policy decision → audited request","Makes AI secure, compliant, governable and auditable by default"
"7.02","[edge-gateway:access-evidence] Access and rejection evidence — Inspect edge traffic and blocked requests from the active JSON access stream.","Network Gateway","Network Gateway, Presidio, LLM Guard, Off Grid Console","Verify Network Gateway “Access and rejection evidence” within: Enterprise identity → least-privilege access → secret lease → policy decision → audited request","Makes AI secure, compliant, governable and auditable by default"
"7.03","[edge-gateway:guarded-file-delivery] Policy-owned file delivery — Serve stable file URLs without bypassing object visibility, tenant, or owner policy.","Network Gateway","Network Gateway, Presidio, LLM Guard, Off Grid Console","Verify Network Gateway “Policy-owned file delivery” within: Enterprise identity → least-privilege access → secret lease → policy decision → audited request","Makes AI secure, compliant, governable and auditable by default"
"7.04","[edge-gateway:http-routing] Host and path routing — Route public hosts and bounded API paths to their canonical on-prem owners.","Network Gateway","Network Gateway, Presidio, LLM Guard, Off Grid Console","Verify Network Gateway “Host and path routing” within: Enterprise identity → least-privilege access → secret lease → policy decision → audited request","Makes AI secure, compliant, governable and auditable by default"
"7.05","[edge-gateway:rate-limiting] Per-client rate limiting — Bound abusive clients with route-specific sliding-window limits.","Network Gateway","Network Gateway, Presidio, LLM Guard, Off Grid Console","Verify Network Gateway “Per-client rate limiting” within: Enterprise identity → least-privilege access → secret lease → policy decision → audited request","Makes AI secure, compliant, governable and auditable by default"
"7.06","[edge-gateway:waf] Web application firewall — Reject scanner, injection, traversal, and script payloads before application code.","Network Gateway","Network Gateway, Presidio, LLM Guard, Off Grid Console","Verify Network Gateway “Web application firewall” within: Enterprise identity → least-privilege access → secret lease → policy decision → audited request","Makes AI secure, compliant, governable and auditable by default"
"7.07","[fleetdm:queries-policies] Live queries and compliance policies — Run bounded osquery queries and manage host compliance checks.","Device Management","Network Gateway, Presidio, LLM Guard, Off Grid Console","Verify Device Management “Live queries and compliance policies” within: Enterprise identity → least-privilege access → secret lease → policy decision → audited request","Makes AI secure, compliant, governable and auditable by default"
"7.08","[keycloak:federation-mfa] Federation and MFA policy — Federate workforce identity and require suitable authentication assurance.","Identity & SSO","Network Gateway, Presidio, LLM Guard, Off Grid Console","Verify Identity & SSO “Federation and MFA policy” within: Enterprise identity → least-privilege access → secret lease → policy decision → audited request","Makes AI secure, compliant, governable and auditable by default"
"7.09","[keycloak:human-sso] Human SSO and sessions — Authenticate operators through the configured enterprise identity provider.","Identity & SSO","Network Gateway, Presidio, LLM Guard, Off Grid Console","Verify Identity & SSO “Human SSO and sessions” within: Enterprise identity → least-privilege access → secret lease → policy decision → audited request","Makes AI secure, compliant, governable and auditable by default"
"7.10","[keycloak:service-accounts] Service-account grants — Issue client-credential grants to internal service adapters without hard-coded bearer tokens.","Identity & SSO","Network Gateway, Presidio, LLM Guard, Off Grid Console","Verify Identity & SSO “Service-account grants” within: Enterprise identity → least-privilege access → secret lease → policy decision → audited request","Makes AI secure, compliant, governable and auditable by default"
"7.11","[opa:bundles-decision-logs] Bundles and decision-log export — Distribute policy safely and export complete decision telemetry.","Policy Engine","Network Gateway, Presidio, LLM Guard, Off Grid Console","Verify Policy Engine “Bundles and decision-log export” within: Enterprise identity → least-privilege access → secret lease → policy decision → audited request","Makes AI secure, compliant, governable and auditable by default"
"7.12","[opa:policy-lifecycle] Policy and module lifecycle — Create, edit, publish, version, and retire governed policy rules.","Policy Engine","Network Gateway, Presidio, LLM Guard, Off Grid Console","Verify Policy Engine “Policy and module lifecycle” within: Enterprise identity → least-privilege access → secret lease → policy decision → audited request","Makes AI secure, compliant, governable and auditable by default"
"7.13","[openbao:dynamic-credentials] Dynamic database credentials and leases — Issue short-lived credentials, inspect leases, and revoke access.","Secrets Vault","Network Gateway, Presidio, LLM Guard, Off Grid Console","Verify Secrets Vault “Dynamic database credentials and leases” within: Enterprise identity → least-privilege access → secret lease → policy decision → audited request","Makes AI secure, compliant, governable and auditable by default"
"7.14","[openbao:secret-lifecycle] Tenant secret lifecycle — Create, read, update, and delete governed secrets without revealing values in client state.","Secrets Vault","Network Gateway, Presidio, LLM Guard, Off Grid Console","Verify Secrets Vault “Tenant secret lifecycle” within: Enterprise identity → least-privilege access → secret lease → policy decision → audited request","Makes AI secure, compliant, governable and auditable by default"
"7.15","[opensearch:security-alerting] Security analytics and alerting — Run detectors, monitors, rules, findings, and notification actions.","OpenSearch","Network Gateway, Presidio, LLM Guard, Off Grid Console","Verify OpenSearch “Security analytics and alerting” within: Enterprise identity → least-privilege access → secret lease → policy decision → audited request","Makes AI secure, compliant, governable and auditable by default"
"7.16","[otel-collector:processing-policies] Sampling, filtering, redaction, and routing — Apply telemetry policy before export.","OpenTelemetry Collector","Network Gateway, Presidio, LLM Guard, Off Grid Console","Verify OpenTelemetry Collector “Sampling, filtering, redaction, and routing” within: Enterprise identity → least-privilege access → secret lease → policy decision → audited request","Makes AI secure, compliant, governable and auditable by default"
"7.17","[presidio:image-redaction] Image PII redaction — Detect and redact PII in images and scanned documents.","Presidio","Network Gateway, Presidio, LLM Guard, Off Grid Console","Verify Presidio “Image PII redaction” within: Enterprise identity → least-privilege access → secret lease → policy decision → audited request","Makes AI secure, compliant, governable and auditable by default"
"7.18","[seaweedfs:buckets-credentials] Buckets and access credentials — Create buckets and manage scoped object-store credentials and policies.","SeaweedFS","Network Gateway, Presidio, LLM Guard, Off Grid Console","Verify SeaweedFS “Buckets and access credentials” within: Enterprise identity → least-privilege access → secret lease → policy decision → audited request","Makes AI secure, compliant, governable and auditable by default"
"8","Governed model routing, rollout, caching and cost control","LiteLLM","Off Grid AI Gateway, Redis, Unleash, fleet inference nodes","Governed request → eligible model pool → health-aware routing → budget enforcement → measured response","Improves reliability and cost while retaining control over where inference runs"
"8.01","[gateway:authenticated-inference] Authenticated inference — Run OpenAI-compatible inference through the governed on-prem door.","Off Grid AI Gateway","Off Grid AI Gateway, Redis, Unleash, fleet inference nodes","Verify AI Gateway “Authenticated inference” within: Governed request → eligible model pool → health-aware routing → budget enforcement → measured response","Improves reliability and cost while retaining control over where inference runs"
"8.02","[gateway:fleet-routing] Fleet model routing — Discover healthy models and route requests across active fleet nodes.","Off Grid AI Gateway","Off Grid AI Gateway, Redis, Unleash, fleet inference nodes","Verify AI Gateway “Fleet model routing” within: Governed request → eligible model pool → health-aware routing → budget enforcement → measured response","Improves reliability and cost while retaining control over where inference runs"
"8.03","[litellm:budgets-rate-limits] Budgets and RPM/TPM limits — Enforce spend and request limits on virtual keys.","LiteLLM","Off Grid AI Gateway, Redis, Unleash, fleet inference nodes","Verify LiteLLM “Budgets and RPM/TPM limits” within: Governed request → eligible model pool → health-aware routing → budget enforcement → measured response","Improves reliability and cost while retaining control over where inference runs"
"8.04","[litellm:deployment-inventory] Deployment inventory and health — Read configured models and merge them with healthy and unhealthy endpoint state.","LiteLLM","Off Grid AI Gateway, Redis, Unleash, fleet inference nodes","Verify LiteLLM “Deployment inventory and health” within: Governed request → eligible model pool → health-aware routing → budget enforcement → measured response","Improves reliability and cost while retaining control over where inference runs"
"8.05","[litellm:load-balance-failover] Load balancing, retries, and failover — Route a model alias across fleet and cloud deployments with health-aware retry policy.","LiteLLM","Off Grid AI Gateway, Redis, Unleash, fleet inference nodes","Verify LiteLLM “Load balancing, retries, and failover” within: Governed request → eligible model pool → health-aware routing → budget enforcement → measured response","Improves reliability and cost while retaining control over where inference runs"
"8.06","[litellm:openai-proxy] OpenAI-compatible inference proxy — Serve chat and model requests through a single OpenAI-compatible model door.","LiteLLM","Off Grid AI Gateway, Redis, Unleash, fleet inference nodes","Verify LiteLLM “OpenAI-compatible inference proxy” within: Governed request → eligible model pool → health-aware routing → budget enforcement → measured response","Improves reliability and cost while retaining control over where inference runs"
"8.07","[litellm:provider-pools] Fleet and cloud provider pools — Generate deployment entries for on-prem nodes and approved cloud providers.","LiteLLM","Off Grid AI Gateway, Redis, Unleash, fleet inference nodes","Verify LiteLLM “Fleet and cloud provider pools” within: Governed request → eligible model pool → health-aware routing → budget enforcement → measured response","Improves reliability and cost while retaining control over where inference runs"
"8.08","[litellm:response-cache] Response caching — Cache eligible model responses with explicit privacy, scope, and expiry policy.","LiteLLM","Off Grid AI Gateway, Redis, Unleash, fleet inference nodes","Verify LiteLLM “Response caching” within: Governed request → eligible model pool → health-aware routing → budget enforcement → measured response","Improves reliability and cost while retaining control over where inference runs"
"8.09","[litellm:virtual-keys] Virtual key lifecycle — Create, rotate, revoke, scope, and inspect LiteLLM virtual keys.","LiteLLM","Off Grid AI Gateway, Redis, Unleash, fleet inference nodes","Verify LiteLLM “Virtual key lifecycle” within: Governed request → eligible model pool → health-aware routing → budget enforcement → measured response","Improves reliability and cost while retaining control over where inference runs"
"8.10","[redis:shared-response-cache] Shared response cache — Cache governed responses across Console processes with bounded expiry.","Redis","Off Grid AI Gateway, Redis, Unleash, fleet inference nodes","Verify Redis “Shared response cache” within: Governed request → eligible model pool → health-aware routing → budget enforcement → measured response","Improves reliability and cost while retaining control over where inference runs"
"8.11","[unleash:flag-lifecycle] Feature-flag lifecycle — Create, describe, enable, disable, and archive product flags.","Feature Flags","Off Grid AI Gateway, Redis, Unleash, fleet inference nodes","Verify Feature Flags “Feature-flag lifecycle” within: Governed request → eligible model pool → health-aware routing → budget enforcement → measured response","Improves reliability and cost while retaining control over where inference runs"
"8.12","[unleash:progressive-rollout] Progressive rollout and variants — Roll out a capability gradually and choose controlled variants.","Feature Flags","Off Grid AI Gateway, Redis, Unleash, fleet inference nodes","Verify Feature Flags “Progressive rollout and variants” within: Governed request → eligible model pool → health-aware routing → budget enforcement → measured response","Improves reliability and cost while retaining control over where inference runs"
"9","End-to-end observability, audit search and incident response","OpenTelemetry + OpenSearch","Jaeger, VictoriaMetrics, VictoriaLogs, Langfuse, Marquez","Production run → correlated traces/logs/metrics/lineage → anomaly → root cause → operator action","Cuts diagnosis time and makes every AI decision operationally accountable"
"9.01","[jaeger:dependencies-performance] Service dependencies and performance analysis — Inspect dependency graphs, latency distributions, and error hotspots.","Jaeger","Jaeger, VictoriaMetrics, VictoriaLogs, Langfuse, Marquez","Verify Jaeger “Service dependencies and performance analysis” within: Production run → correlated traces/logs/metrics/lineage → anomaly → root cause → operator action","Cuts diagnosis time and makes every AI decision operationally accountable"
"9.02","[jaeger:storage-retention-admin] Storage, retention, and service administration — Configure storage backends, retention, archive, sampling, and collector/query topology.","Jaeger","Jaeger, VictoriaMetrics, VictoriaLogs, Langfuse, Marquez","Verify Jaeger “Storage, retention, and service administration” within: Production run → correlated traces/logs/metrics/lineage → anomaly → root cause → operator action","Cuts diagnosis time and makes every AI decision operationally accountable"
"9.03","[jaeger:trace-ingest] OTLP trace ingestion — Receive spans and assemble distributed traces.","Jaeger","Jaeger, VictoriaMetrics, VictoriaLogs, Langfuse, Marquez","Verify Jaeger “OTLP trace ingestion” within: Production run → correlated traces/logs/metrics/lineage → anomaly → root cause → operator action","Cuts diagnosis time and makes every AI decision operationally accountable"
"9.04","[jaeger:trace-search-detail] Trace search and span detail — Search by service, operation, tags, duration, and time and inspect span trees.","Jaeger","Jaeger, VictoriaMetrics, VictoriaLogs, Langfuse, Marquez","Verify Jaeger “Trace search and span detail” within: Production run → correlated traces/logs/metrics/lineage → anomaly → root cause → operator action","Cuts diagnosis time and makes every AI decision operationally accountable"
"9.05","[litellm:structured-callbacks] Structured request logging callbacks — Send completion outcomes, deployment, tokens, caller, latency, and status into traffic records.","LiteLLM","Jaeger, VictoriaMetrics, VictoriaLogs, Langfuse, Marquez","Verify LiteLLM “Structured request logging callbacks” within: Production run → correlated traces/logs/metrics/lineage → anomaly → root cause → operator action","Cuts diagnosis time and makes every AI decision operationally accountable"
"9.06","[llm-guard:telemetry] Scanner telemetry — Observe scanner verdict counts, latency, errors, traces, and service saturation.","Content guardrails","Jaeger, VictoriaMetrics, VictoriaLogs, Langfuse, Marquez","Verify Content guardrails “Scanner telemetry” within: Production run → correlated traces/logs/metrics/lineage → anomaly → root cause → operator action","Cuts diagnosis time and makes every AI decision operationally accountable"
"9.07","[marquez:graph-exploration] Dataset and job graph exploration — Navigate upstream and downstream dependencies and inspect node metadata.","Marquez","Jaeger, VictoriaMetrics, VictoriaLogs, Langfuse, Marquez","Verify Marquez “Dataset and job graph exploration” within: Production run → correlated traces/logs/metrics/lineage → anomaly → root cause → operator action","Cuts diagnosis time and makes every AI decision operationally accountable"
"9.08","[marquez:namespaces-tags-ownership] Namespaces, tags, and ownership — Organize lineage entities and maintain searchable governance metadata.","Marquez","Jaeger, VictoriaMetrics, VictoriaLogs, Langfuse, Marquez","Verify Marquez “Namespaces, tags, and ownership” within: Production run → correlated traces/logs/metrics/lineage → anomaly → root cause → operator action","Cuts diagnosis time and makes every AI decision operationally accountable"
"9.09","[opensearch:index-lifecycle] Indexes, mappings, aliases, and retention — Manage mappings, templates, aliases, rollover, and retention policy.","OpenSearch","Jaeger, VictoriaMetrics, VictoriaLogs, Langfuse, Marquez","Verify OpenSearch “Indexes, mappings, aliases, and retention” within: Production run → correlated traces/logs/metrics/lineage → anomaly → root cause → operator action","Cuts diagnosis time and makes every AI decision operationally accountable"
"9.10","[opensearch:index-search] Indexing and search — Index structured records and run filtered, full-text, and aggregation queries.","OpenSearch","Jaeger, VictoriaMetrics, VictoriaLogs, Langfuse, Marquez","Verify OpenSearch “Indexing and search” within: Production run → correlated traces/logs/metrics/lineage → anomaly → root cause → operator action","Cuts diagnosis time and makes every AI decision operationally accountable"
"9.11","[otel-collector:otlp-logs] OTLP log ingest and export — Receive structured logs and deliver them to an operational backend.","OpenTelemetry Collector","Jaeger, VictoriaMetrics, VictoriaLogs, Langfuse, Marquez","Verify OpenTelemetry Collector “OTLP log ingest and export” within: Production run → correlated traces/logs/metrics/lineage → anomaly → root cause → operator action","Cuts diagnosis time and makes every AI decision operationally accountable"
"9.12","[otel-collector:otlp-metrics] OTLP metrics and remote write — Receive metrics and export them to VictoriaMetrics.","OpenTelemetry Collector","Jaeger, VictoriaMetrics, VictoriaLogs, Langfuse, Marquez","Verify OpenTelemetry Collector “OTLP metrics and remote write” within: Production run → correlated traces/logs/metrics/lineage → anomaly → root cause → operator action","Cuts diagnosis time and makes every AI decision operationally accountable"
"9.13","[otel-collector:otlp-traces] OTLP trace ingest — Receive OTLP/HTTP and OTLP/gRPC traces.","OpenTelemetry Collector","Jaeger, VictoriaMetrics, VictoriaLogs, Langfuse, Marquez","Verify OpenTelemetry Collector “OTLP trace ingest” within: Production run → correlated traces/logs/metrics/lineage → anomaly → root cause → operator action","Cuts diagnosis time and makes every AI decision operationally accountable"
"9.14","[otel-collector:pipeline-configuration] Receiver, processor, and exporter configuration — Manage pipelines and approved signal destinations.","OpenTelemetry Collector","Jaeger, VictoriaMetrics, VictoriaLogs, Langfuse, Marquez","Verify OpenTelemetry Collector “Receiver, processor, and exporter configuration” within: Production run → correlated traces/logs/metrics/lineage → anomaly → root cause → operator action","Cuts diagnosis time and makes every AI decision operationally accountable"
"9.15","[otel-collector:readiness] Protocol-level ingest readiness — Verify that the OTLP receiver accepts a valid export envelope.","OpenTelemetry Collector","Jaeger, VictoriaMetrics, VictoriaLogs, Langfuse, Marquez","Verify OpenTelemetry Collector “Protocol-level ingest readiness” within: Production run → correlated traces/logs/metrics/lineage → anomaly → root cause → operator action","Cuts diagnosis time and makes every AI decision operationally accountable"
"9.16","[otel-collector:self-telemetry] Collector throughput, errors, and queues — Inspect accepted signals, exporter failures, batches, and queue depth.","OpenTelemetry Collector","Jaeger, VictoriaMetrics, VictoriaLogs, Langfuse, Marquez","Verify OpenTelemetry Collector “Collector throughput, errors, and queues” within: Production run → correlated traces/logs/metrics/lineage → anomaly → root cause → operator action","Cuts diagnosis time and makes every AI decision operationally accountable"
"9.17","[otel-collector:trace-export-jaeger] Trace export to Jaeger — Batch accepted traces and export them to Jaeger OTLP.","OpenTelemetry Collector","Jaeger, VictoriaMetrics, VictoriaLogs, Langfuse, Marquez","Verify OpenTelemetry Collector “Trace export to Jaeger” within: Production run → correlated traces/logs/metrics/lineage → anomaly → root cause → operator action","Cuts diagnosis time and makes every AI decision operationally accountable"
"9.18","[victorialogs:log-ingest] Structured log ingestion — Accept logs from supported HTTP, Loki, Elasticsearch, and OpenTelemetry-compatible paths.","VictoriaLogs","Jaeger, VictoriaMetrics, VictoriaLogs, Langfuse, Marquez","Verify VictoriaLogs “Structured log ingestion” within: Production run → correlated traces/logs/metrics/lineage → anomaly → root cause → operator action","Cuts diagnosis time and makes every AI decision operationally accountable"
"9.19","[victorialogs:log-query] Log search and field filtering — Search stored logs by time, text, stream, and structured fields.","VictoriaLogs","Jaeger, VictoriaMetrics, VictoriaLogs, Langfuse, Marquez","Verify VictoriaLogs “Log search and field filtering” within: Production run → correlated traces/logs/metrics/lineage → anomaly → root cause → operator action","Cuts diagnosis time and makes every AI decision operationally accountable"
"9.20","[victorialogs:retention-alerts-tenancy] Retention, alerts, and tenant operations — Manage retention, alert rules, tenant boundaries, and storage lifecycle.","VictoriaLogs","Jaeger, VictoriaMetrics, VictoriaLogs, Langfuse, Marquez","Verify VictoriaLogs “Retention, alerts, and tenant operations” within: Production run → correlated traces/logs/metrics/lineage → anomaly → root cause → operator action","Cuts diagnosis time and makes every AI decision operationally accountable"
"9.21","[victorialogs:streams-facets-stats] Streams, facets, and statistics — Explore stream cardinality, field values, and aggregate log statistics.","VictoriaLogs","Jaeger, VictoriaMetrics, VictoriaLogs, Langfuse, Marquez","Verify VictoriaLogs “Streams, facets, and statistics” within: Production run → correlated traces/logs/metrics/lineage → anomaly → root cause → operator action","Cuts diagnosis time and makes every AI decision operationally accountable"
"9.22","[victoriametrics:alerts-recording-rules] Alerts and recording rules — Create rule groups, evaluate alerts, and inspect firing state.","VictoriaMetrics","Jaeger, VictoriaMetrics, VictoriaLogs, Langfuse, Marquez","Verify VictoriaMetrics “Alerts and recording rules” within: Production run → correlated traces/logs/metrics/lineage → anomaly → root cause → operator action","Cuts diagnosis time and makes every AI decision operationally accountable"
"9.23","[victoriametrics:ingest-remote-write] Prometheus remote write and OTLP ingestion — Accept application and collector metrics through remote-write or OTLP paths.","VictoriaMetrics","Jaeger, VictoriaMetrics, VictoriaLogs, Langfuse, Marquez","Verify VictoriaMetrics “Prometheus remote write and OTLP ingestion” within: Production run → correlated traces/logs/metrics/lineage → anomaly → root cause → operator action","Cuts diagnosis time and makes every AI decision operationally accountable"
"9.24","[victoriametrics:metrics-query] Metrics query and range analysis — Query current and historical time series with PromQL-compatible expressions.","VictoriaMetrics","Jaeger, VictoriaMetrics, VictoriaLogs, Langfuse, Marquez","Verify VictoriaMetrics “Metrics query and range analysis” within: Production run → correlated traces/logs/metrics/lineage → anomaly → root cause → operator action","Cuts diagnosis time and makes every AI decision operationally accountable"
"9.25","[victoriametrics:retention-backup-cluster] Retention, backup, and cluster operations — Manage retention, snapshots, backups, tenancy, and distributed storage state.","VictoriaMetrics","Jaeger, VictoriaMetrics, VictoriaLogs, Langfuse, Marquez","Verify VictoriaMetrics “Retention, backup, and cluster operations” within: Production run → correlated traces/logs/metrics/lineage → anomaly → root cause → operator action","Cuts diagnosis time and makes every AI decision operationally accountable"
"10","Platform resilience, backup, recovery and fleet operations","Off Grid operations runtime","PostgreSQL, Qdrant, SeaweedFS, Temporal, OpenBao, FleetDM","Failure or upgrade → safe drain/snapshot → supervised restart → restore → integrity verification","Keeps critical AI workflows available and recoverable on customer-owned infrastructure"
"10.01","[console:self-lifecycle] Console process lifecycle — Deploy, restart, and roll back the control plane safely.","Off Grid Console","PostgreSQL, Qdrant, SeaweedFS, Temporal, OpenBao, FleetDM","Verify Console “Console process lifecycle” within: Failure or upgrade → safe drain/snapshot → supervised restart → restore → integrity verification","Keeps critical AI workflows available and recoverable on customer-owned infrastructure"
"10.02","[edge-gateway:supervised-recovery] Validated edge recovery — Validate exact config and modules before restarting the supervised edge.","Network Gateway","PostgreSQL, Qdrant, SeaweedFS, Temporal, OpenBao, FleetDM","Verify Network Gateway “Validated edge recovery” within: Failure or upgrade → safe drain/snapshot → supervised restart → restore → integrity verification","Keeps critical AI workflows available and recoverable on customer-owned infrastructure"
"10.03","[enterprise-source-minio:versioning-retention-events] Versioning, retention, policies, and events — Manage object versions, lifecycle, retention, policies, and event notifications.","Existing S3-compatible data lake","PostgreSQL, Qdrant, SeaweedFS, Temporal, OpenBao, FleetDM","Verify S3-compatible Data Lake “Versioning, retention, policies, and events” within: Failure or upgrade → safe drain/snapshot → supervised restart → restore → integrity verification","Keeps critical AI workflows available and recoverable on customer-owned infrastructure"
"10.04","[fleetdm:host-inventory-software] Host and software inventory — Inspect enrolled devices, installed software, and vulnerability context.","Device Management","PostgreSQL, Qdrant, SeaweedFS, Temporal, OpenBao, FleetDM","Verify Device Management “Host and software inventory” within: Failure or upgrade → safe drain/snapshot → supervised restart → restore → integrity verification","Keeps critical AI workflows available and recoverable on customer-owned infrastructure"
"10.05","[fleetdm:premium-mdm] Premium device control — Lock, wipe, and push configuration profiles to managed devices.","Device Management","PostgreSQL, Qdrant, SeaweedFS, Temporal, OpenBao, FleetDM","Verify Device Management “Premium device control” within: Failure or upgrade → safe drain/snapshot → supervised restart → restore → integrity verification","Keeps critical AI workflows available and recoverable on customer-owned infrastructure"
"10.06","[lancedb:versioning-index-tuning] Versions and index tuning — Operate table versions, scalar/vector indexes, compaction, and optimization.","LanceDB","PostgreSQL, Qdrant, SeaweedFS, Temporal, OpenBao, FleetDM","Verify LanceDB “Versions and index tuning” within: Failure or upgrade → safe drain/snapshot → supervised restart → restore → integrity verification","Keeps critical AI workflows available and recoverable on customer-owned infrastructure"
"10.07","[llm-guard:availability-failure-policy] Availability, timeouts, and failure policy — Probe liveness/readiness, bound scanner latency, and choose fail-fast or aggregate behavior.","Content guardrails","PostgreSQL, Qdrant, SeaweedFS, Temporal, OpenBao, FleetDM","Verify Content guardrails “Availability, timeouts, and failure policy” within: Failure or upgrade → safe drain/snapshot → supervised restart → restore → integrity verification","Keeps critical AI workflows available and recoverable on customer-owned infrastructure"
"10.08","[openbao:vault-recovery] Vault audit and disaster recovery — Back up encrypted state, inspect audit devices, and recover without credential loss.","Secrets Vault","PostgreSQL, Qdrant, SeaweedFS, Temporal, OpenBao, FleetDM","Verify Secrets Vault “Vault audit and disaster recovery” within: Failure or upgrade → safe drain/snapshot → supervised restart → restore → integrity verification","Keeps critical AI workflows available and recoverable on customer-owned infrastructure"
"10.09","[opensearch:cluster-snapshots-security] Cluster, snapshots, and security administration — Operate nodes, shards, snapshots, users, roles, and audit settings.","OpenSearch","PostgreSQL, Qdrant, SeaweedFS, Temporal, OpenBao, FleetDM","Verify OpenSearch “Cluster, snapshots, and security administration” within: Failure or upgrade → safe drain/snapshot → supervised restart → restore → integrity verification","Keeps critical AI workflows available and recoverable on customer-owned infrastructure"
"10.10","[postgres:backup-restore] Backup and restore — Create, inspect, verify, and restore database backups.","PostgreSQL","PostgreSQL, Qdrant, SeaweedFS, Temporal, OpenBao, FleetDM","Verify PostgreSQL “Backup and restore” within: Failure or upgrade → safe drain/snapshot → supervised restart → restore → integrity verification","Keeps critical AI workflows available and recoverable on customer-owned infrastructure"
"10.11","[postgres:roles-replication-maintenance] Roles, replication, and maintenance — Manage roles, grants, replicas, vacuum, analyze, and connection pressure.","PostgreSQL","PostgreSQL, Qdrant, SeaweedFS, Temporal, OpenBao, FleetDM","Verify PostgreSQL “Roles, replication, and maintenance” within: Failure or upgrade → safe drain/snapshot → supervised restart → restore → integrity verification","Keeps critical AI workflows available and recoverable on customer-owned infrastructure"
"10.12","[qdrant:snapshots-cluster] Snapshots, aliases, and cluster operations — Back up collections, move shards, manage aliases, and inspect consensus state.","Qdrant","PostgreSQL, Qdrant, SeaweedFS, Temporal, OpenBao, FleetDM","Verify Qdrant “Snapshots, aliases, and cluster operations” within: Failure or upgrade → safe drain/snapshot → supervised restart → restore → integrity verification","Keeps critical AI workflows available and recoverable on customer-owned infrastructure"
"10.13","[redis:failure-fallback] Cache failure fallback — Continue safely on an in-process cache when Redis is unavailable.","Redis","PostgreSQL, Qdrant, SeaweedFS, Temporal, OpenBao, FleetDM","Verify Redis “Cache failure fallback” within: Failure or upgrade → safe drain/snapshot → supervised restart → restore → integrity verification","Keeps critical AI workflows available and recoverable on customer-owned infrastructure"
"10.14","[seaweedfs:lifecycle-versioning] Lifecycle and versioning — Apply retention, versioning, expiry, and object-lock policies.","SeaweedFS","PostgreSQL, Qdrant, SeaweedFS, Temporal, OpenBao, FleetDM","Verify SeaweedFS “Lifecycle and versioning” within: Failure or upgrade → safe drain/snapshot → supervised restart → restore → integrity verification","Keeps critical AI workflows available and recoverable on customer-owned infrastructure"
"10.15","[seaweedfs:topology-repair] Volume topology, replication, and repair — Inspect masters, filers, volumes, replication placement, and repair state.","SeaweedFS","PostgreSQL, Qdrant, SeaweedFS, Temporal, OpenBao, FleetDM","Verify SeaweedFS “Volume topology, replication, and repair” within: Failure or upgrade → safe drain/snapshot → supervised restart → restore → integrity verification","Keeps critical AI workflows available and recoverable on customer-owned infrastructure"
"10.16","[warehouse:cluster-operations] Partitions, replicas, quotas, and maintenance — Operate partitions, replication, users, quotas, backups, and query pressure.","ClickHouse Warehouse","PostgreSQL, Qdrant, SeaweedFS, Temporal, OpenBao, FleetDM","Verify ClickHouse Warehouse “Partitions, replicas, quotas, and maintenance” within: Failure or upgrade → safe drain/snapshot → supervised restart → restore → integrity verification","Keeps critical AI workflows available and recoverable on customer-owned infrastructure"
"11","Governed analytics, dashboards and ROI evidence","Apache Superset","ClickHouse, PostgreSQL, Langfuse, Off Grid outcomes ledger","Operational events → governed metrics → role-specific dashboard → baseline/actual ROI review","Makes efficiency, effectiveness, top-line impact and justified ROI visible"
"11.01","[litellm:spend-analytics] Spend and cost analytics — Attribute request cost by key, model, deployment, team, and time window.","LiteLLM","ClickHouse, PostgreSQL, Langfuse, Off Grid outcomes ledger","Verify LiteLLM “Spend and cost analytics” within: Operational events → governed metrics → role-specific dashboard → baseline/actual ROI review","Makes efficiency, effectiveness, top-line impact and justified ROI visible"
"11.02","[superset:dashboard-provisioning] Governed dashboard provisioning — Idempotently create the Off Grid database, dataset, charts, and dashboard.","BI & Dashboards","ClickHouse, PostgreSQL, Langfuse, Off Grid outcomes ledger","Verify BI & Dashboards “Governed dashboard provisioning” within: Operational events → governed metrics → role-specific dashboard → baseline/actual ROI review","Makes efficiency, effectiveness, top-line impact and justified ROI visible"
"11.03","[superset:embedded-access] Scoped embedded dashboard access — Mint short-lived guest access only after verifying the owned dashboard exists.","BI & Dashboards","ClickHouse, PostgreSQL, Langfuse, Off Grid outcomes ledger","Verify BI & Dashboards “Scoped embedded dashboard access” within: Operational events → governed metrics → role-specific dashboard → baseline/actual ROI review","Makes efficiency, effectiveness, top-line impact and justified ROI visible"
"11.04","[superset:native-chart-readback] Native governed chart read-back — Run Superset chart queries and render the results inside the Off Grid visual system.","BI & Dashboards","ClickHouse, PostgreSQL, Langfuse, Off Grid outcomes ledger","Verify BI & Dashboards “Native governed chart read-back” within: Operational events → governed metrics → role-specific dashboard → baseline/actual ROI review","Makes efficiency, effectiveness, top-line impact and justified ROI visible"
"11.05","[superset:sql-authoring] Advanced SQL and chart authoring — Let authorized analysts explore governed data and publish additional visualizations.","BI & Dashboards","ClickHouse, PostgreSQL, Langfuse, Off Grid outcomes ledger","Verify BI & Dashboards “Advanced SQL and chart authoring” within: Operational events → governed metrics → role-specific dashboard → baseline/actual ROI review","Makes efficiency, effectiveness, top-line impact and justified ROI visible"
"12","Complete operator administration and controlled platform change","Off Grid Console","FleetDM, Unleash, Redis, service management adapters","Operator intent → validated CRUD/action → controlled rollout → health verification → audit evidence","Makes the full AI platform consumable by technical and non-technical operators"
"12.01","[console:tenant-management] Tenant-isolated management state — Create and manage product entities without crossing organization boundaries.","Off Grid Console","FleetDM, Unleash, Redis, service management adapters","Verify Console “Tenant-isolated management state” within: Operator intent → validated CRUD/action → controlled rollout → health verification → audit evidence","Makes the full AI platform consumable by technical and non-technical operators"
